LPE-OS,44935
PE-OA,44935
"F-OA, F-M",44935
PE-PR,44935
PE-OM,44935
PE-OA,44935
PE-OM,44935
"F-OD, F-M, F-ETU",44935
KOP-OD,44935
PE-OD,44935
PE-OM,44935
"B-OM, B-KOP",44935
KOP-OM,44935
PE-SA,44935
PE-OD,44935
"PE-PR, B-PR, B-T",44935
U-OS,44935
"B-OD, B-CX",44935
"PE-OM, B-OM, B-NE",44935
LPE-OS,44935
WTL-OS,44935
LPE-OS,44935
A-OA,44935
"B-OA, B-M",44935
A-OD,44935
PE-OM,44935
PE-OD,44935
"B-OD, B-SL",44935
"TE-W, TE-SA, R-UCSD",44935
I-SA,44935
PE-SA,44935
B-KJP,44935
"B-SA, B-T",44935
"PE-OA, PE-NIH",44935
LPE-OD,44935
KOP-NIH,44935
U-OD,44935
WTL-OD,44935
"B-OD, B-T",44935
"TE-OM, TE-PhD, TE-NE",44935
"TE-W, TE-OM, TE-OS",44935
TE-OR,44935
TE-V,44935
TE-NE,44935
"B-OS, B-T, B-TE",44935
U-OD,44935
"B-OD, B-ID",44935
WTL-OD,44935
U-OD,44935
WTL-OD,44935
WTL-PR,44935
U-OS,45055
WTL-OPR,44935
"B-OA, B-M",44935
KOP-SA,44935
"U-OA, WTL-OA",44935
"LP-Web, LP-A",31/08/2023
LP-WG,31/08/2023
"LP-V, LP-I",31/08/2023
"LP-HA, LP-WG, LP-I, LP-A",31/08/2023
LP-SD,31/08/2023
LP-WG,31/08/2023
"LP-S, LP-A",31/08/2023
LP-V,31/08/2023
LP-H,31/08/2023
"LP-I, LP-W",31/08/2023
LP-PC,31/08/2023
"LP-A, B-T",31/08/2023
"LP-Web, LP-A",31/08/2023
LP-PC,31/08/2023
"LP-C, LP-SD",31/08/2023
"B-PR, B-LOB",31/08/2023
B-T,31/08/2023
B-R,31/08/2023
B-LOB,31/08/2023
B-PR,31/08/2023
"B-T, B-R",31/08/2023
"F-PR, F-B",31/08/2023
LPE-PR,31/08/2023
I-PR,31/08/2023
"F-PR, F-B",31/08/2023
"F-PR, F-P",31/08/2023
F-JS,31/08/2023
"B-SA, B-T, B-KJP",31/08/2023
"B-SA, B-I",31/08/2023
"B-SA, B-KJP",31/08/2023
MUR,31/08/2023
MUR,31/08/2023
"B-I, B-SA",31/08/2023
MUR,31/08/2023
"F-SA, F-IS",31/08/2023
"R-UCSD, F-SA, F-TE, TE-W",22/09/2023
"F-CR, F-SA",31/08/2023
"F-SA, F-JS",31/08/2023
"F-OS, F-WG",31/08/2023
"B-OA, B-M, IE-OA",31/08/2023
B-WR,31/08/2023
PE-OA,31/08/2023
"B-OA, B-M",31/08/2023
"B-OA, B-M",31/08/2023
"F-OA, F-M, F-IS",31/08/2023
"F-OA, F-M",31/08/2023
F-M,31/08/2023
F-OA,31/08/2023
"F-IS, F-M",31/08/2023
PE-OA,31/08/2023
"SOS-HELP, F-OA, F-IS, F-M",31/08/2023
"F-OA, F-IS",31/08/2023
"B-OD, B-C, B-LOB",31/08/2023
"B-OD, B-FR",31/08/2023
"B-OD, B-CX",31/08/2023
B-FR,31/08/2023
B-DI,31/08/2023
"B-T, B-CX",31/08/2023
B-OD,31/08/2023
B-T,31/08/2023
B-DA,31/08/2023
B-T,31/08/2023
B-FR,31/08/2023
"B-T, B-R",31/08/2023
B-CX,31/08/2023
"B-CX, B-T",31/08/2023
B-OD,31/08/2023
B-CR,31/08/2023
U-OD,31/08/2023
B-OD,31/08/2023
LPE-OD,31/08/2023
"F-OD, F-CS, F-IS",31/08/2023
"F-OD, F-E",31/08/2023
"F-NIH, KOP-NIH",31/08/2023
"F-E, F-B",31/08/2023
F-OD,31/08/2023
IOS-LS,31/08/2023
"IOS-IC, IOS-A",31/08/2023
IOS-TR,31/08/2023
IOS-RR,31/08/2023
CI-FC,31/08/2023
"E-OS, I-OS",31/08/2023
CI-FC,31/08/2023
CI-R,31/08/2023
IOS-D,31/08/2023
CI-C,31/08/2023
CI-RR,31/08/2023
B-T,31/08/2023
"B-LOB, B-NE",31/08/2023
B-R,31/08/2023
B-OS,31/08/2023
