PE-SA,19/06/2023
KOP-SA,19/06/2023
PW,19/06/2023
LOA-IR,19/06/2023
R-UCSD,19/06/2023
U-OS,21/09/2023
PE-OA,28/06/2023
PE-NIH,28/06/2023
"PE-OA, PW",28/06/2023
KOP-NIH,28/06/2023
U-OS,45207
PE-OD,28/06/2023
U-OD,28/06/2023
P-OD,28/06/2023
P-OD,28/06/2023
N-OD,28/06/2023
PE-OM,28/06/2023
PE-OD,28/06/2023
SJ,45207
"PE-OM, PW",45053
PE-SARP,45146
PW,45053
U-OS,45207
PE-OA,45053
A-CSD,45053
Imp-OS,45053
A-OS,45053
LPE-OS,45053
PE-PR,45053
"F-CS, F-PR",44967
KOP-PR,45053
"B-PR, B-CBI",44967
PE-PR,45053
E-OS,45053
PW,45053
PE-SA,45053
R-UCSD,45053
PE-SARP,13/07/2023
DUR,13/07/2023
SJ,45207
I-OD,13/07/2023
DUR,13/07/2023
TE-PhD,13/07/2023
TE-OD,13/07/2023
"R-UCSD, TE-W, TE-OS",13/07/2023
"R-UCSD, TE-W, TE-OS",13/07/2023
"TE-PhD, TE-OS",13/07/2023
TE-NE,13/07/2023
"TE-PhD, TE-PR",13/07/2023
U-OS,13/07/2023
TE-NE,13/07/2023
TE-NT,13/07/2023
A-OD,13/07/2023
TE-NT,13/07/2023
TE-NE,13/07/2023
WTL-OS,13/07/2023
PE-OA,13/07/2023
F-OA,13/07/2023
WTL-OS,13/07/2023
WTL-OS,26/07/2023
WTL-OER,26/07/2023
"WTL-OA, B-OA, B-M",26/07/2023
WTL-OS,26/07/2023
WTL-OS,26/07/2023
"N-OD, N-SA",26/07/2023
"U-SA, U-OD",26/07/2023
U-OER,26/07/2023
WTL-OER,26/07/2023
WTL-OS,26/07/2023
WTL-OER,26/07/2023
PE-OER,45207
WTL-OER,26/07/2023
WTL-OD,26/07/2023
"WTL-OER, IOS-T",26/07/2023
WTL-OER,26/07/2023
WTL-OA,26/07/2023
"WTL-PR, TE-PR, TE-NT",26/07/2023
"U-PR, B-TE",26/07/2023
"TE-NT, TE-PR",26/07/2023
"F-CS, F-PR, PE-PR",26/07/2023
U-PR,26/07/2023
WTL-PR,26/07/2023
"B-SD, B-PR, U-PR",26/07/2023
B-LOC,45207
"WTL-PR, WTL-OER",26/07/2023
WTL-OS,26/07/2023
"WTL-PR, WTL-OER",26/07/2023
started coding first 3 responses for each question-whole group consensus,13/07/2023
LP-S,17/07/2023
LP-H,17/07/2023
LP-V,17/07/2023
LP-S,17/07/2023
LP-A,17/07/2023
LP-S,17/07/2023
LP-A,17/07/2023
LP-H,17/07/2023
LP-V,17/07/2023
LP-A,24/08/2023
"LP-I, U-OS",31/07/2023
"LP-I, LP-A",31/07/2023
LP-I,31/07/2023
LP-HA,31/07/2023
LP-I,31/07/2023
LP-CP,31/07/2023
"LP-I, LP-A",31/07/2023
LP-H,31/07/2023
LP-CP,31/07/2023
"F-OS, F-CR",45207
LP-Web,31/07/2023
"LP-I, LP-W",31/07/2023
LP-PC,31/07/2023
LP-W,31/07/2023
LP-I,31/07/2023
LP-PC,31/07/2023
B-W,17/07/2023
B-CM,17/07/2023
B-PR,17/07/2023
B-T,17/07/2023
B-TL,17/07/2023
"B-T, B-R",17/07/2023
B-TL,17/07/2023
B-T,17/07/2023
B-PR,17/07/2023
B-TL,17/07/2023
B-T,17/07/2023
B-LOC,17/07/2023
ANX-PR,17/07/2023
B-PR,17/07/2023
B-CM,25/07/2023
SJ,45207
B-LOC,25/07/2023
B-CM,25/07/2023
B-PR,25/07/2023
B-D,45207
U-PR,25/07/2023
TE-NT,25/07/2023
B-D,45207
B-TE,25/07/2023
B-F,25/07/2023
"PE-PR, B-CBI, B-CM",25/07/2023
B-TE,25/07/2023
SJ,25/07/2023
B-PR,25/07/2023
IOS-ST,25/07/2023
"B-PR, B-D",25/07/2023
"B-SA, B-KJP",17/07/2023
N-SA,17/07/2023
MUR,17/07/2023
B-F,45207
B-KJP,17/07/2023
N-SA,17/07/2023
"PE-OA, KOP-NIH",17/07/2023
B-SA,17/07/2023
N-SA,17/07/2023
P-SA,17/07/2023
U-SA,17/07/2023
B-AM,17/07/2023
B-CBI,17/07/2023
B-SA,17/07/2023
B-R,25/07/2023
B-CX,25/07/2023
B-T,25/07/2023
B-CX,25/07/2023
B-NE,25/07/2023
B-SA,25/07/2023
U-SA,25/07/2023
B-KJP,25/07/2023
B-SA,25/07/2023
