PE-PR,21/09/2023
"PE-OM, PE-OD",21/09/2023
PE-OM,21/09/2023
PE-SA,21/09/2023
PE-SA,21/09/2023
PE-OM,21/09/2023
PE-SA,21/09/2023
PE-PR,21/09/2023
PE-OM,21/09/2023
MUR,21/09/2023
"WTL-OS, U-OS, LPE-OS",21/09/2023
WTL-OS,21/09/2023
DUR,21/09/2023
LPE-OS,21/09/2023
"TE-OS, TE-LFO",21/09/2023
M-OS,21/09/2023
"U-OS, WTL-OS",21/09/2023
IOS-CB,21/09/2023
IOS-Tr,21/09/2023
A-SA,21/09/2023
"B-OS, B-CX",21/09/2023
IOS-CB,21/09/2023
PE-SA,21/09/2023
"PE-OD, P-OD",21/09/2023
IOS-CB,21/09/2023
IOS-CB,21/09/2023
I-OD,21/09/2023
"B-OD, B-IRB",21/09/2023
PE-OA,21/09/2023
"B-OA, B-M, IE-OA",21/09/2023
IOS-CB,21/09/2023
"TE-W, R-UCSD",21/09/2023
"PE-SA, PW",21/09/2023
MUR,21/09/2023
"TE-W, R-UCSD",21/09/2023
"TE-CP, R-UCSD",21/09/2023
"TE-SM, TE-CP",21/09/2023
TE-SM,21/09/2023
R-UCSD,21/09/2023
"TE-NT, A-OS",21/09/2023
TE-NT,21/09/2023
TE-LFO,21/09/2023
TE-NT,21/09/2023
"B-SA, B-I",21/09/2023
KOP-SA,21/09/2023
"TE-SA, TE-W",21/09/2023
I-SA,21/09/2023
PE-SA,21/09/2023
U-SA,21/09/2023
PE-SA,21/09/2023
U-SA,21/09/2023
"R-UCSD, TE-W, B-SA, B-KJP",21/09/2023
WTL-SA,21/09/2023
WTL-OER,21/09/2023
PE-NIH,21/09/2023
U-SA,21/09/2023
"F-SA, F-NIH",21/09/2023
PE-SA,21/09/2023
"WTL-OER, WTL-OPR",21/09/2023
"KOP-SA, KOP-OM, B-SA, B-OM, B-T",21/09/2023
"B-OM, B-FR, B-CX",21/09/2023
WTL-OSW,21/09/2023
"WTL-OPR, WTL-OER",21/09/2023
"B-OS, B-CX, WTL-OSW",21/09/2023
"WTL-OD, IOS-LS",21/09/2023
"WTL-OD, WTL-IRB",21/09/2023
"B-OD, B-IRB",21/09/2023
"PE-OER, F-OER, F-IS, F-M",21/09/2023
"WTL-OER, U-OER",21/09/2023
"U-SA, WTL-SA",21/09/2023
WTL-OS,21/09/2023
LP-I,15/09/2023
"LP-V, LP-H",15/09/2023
"TE-W, R-UCSD, TE-OS",15/09/2023
LP-H,15/09/2023
"LP-I, LP-W",15/09/2023
LP-CP,15/09/2023
"LP-I, LP-W",15/09/2023
"LP-V, LP-S",15/09/2023
"LP-H, LP-Web, LP-S",15/09/2023
"LP-H, LP-Web",15/09/2023
LP-H,15/09/2023
B-T,15/09/2023
B-KOP,15/09/2023
B-PR,15/09/2023
"PE-PR, SJ",15/09/2023
"B-PR, B-T",15/09/2023
"B-PR, B-KOP, B-CX",15/09/2023
B-T,15/09/2023
B-C,15/09/2023
B-T,15/09/2023
B-PR,15/09/2023
"B-KOP, U-PR",15/09/2023
B-LOB,15/09/2023
B-TE,15/09/2023
B-CX,15/09/2023
B-PR,15/09/2023
"F-PR, F-B",15/09/2023
LPE-PR,15/09/2023
"F-PR, F-T",15/09/2023
"B-PR, B-RV",15/09/2023
LPE-PR,15/09/2023
"F-PR, F-KOP",15/09/2023
F-RV,15/09/2023
"F-PR, F-B",15/09/2023
"B-PR, B-LOB, B-T",15/09/2023
"F-PR, F-IS",15/09/2023
"B-SA, B-I",15/09/2023
PE-SA,15/09/2023
"B-SA, B-W",15/09/2023
"B-SA, B-I",15/09/2023
B-KJP,15/09/2023
B-T,15/09/2023
"B-KJP, B-W",15/09/2023
B-SA,15/09/2023
"B-SA, B-T, B-CX",15/09/2023
"F-SA, F-S",15/09/2023
F-S,15/09/2023
"F-R, R-UCSD",22/09/2023
F-SA,15/09/2023
F-IS,15/09/2023
"R-UCSD, F-CR",15/09/2023
F-KOP,15/09/2023
F-SA,15/09/2023
"B-SA, N-SA",15/09/2023
"F-SA, F-CS",15/09/2023
"F-SA, R-UCSD, F-CR",15/09/2023
"B-OA, B-M",15/09/2023
"B-OA, B-M",15/09/2023
"B-OA, IE-OA",15/09/2023
"B-OA, B-M, B-LOB",15/09/2023
"B-OA, B-WR, B-M",19/09/2023
"B-OA, B-PC",19/09/2023
"CI-A, F-OA, C-MP",19/09/2023
"B-OA, B-M",19/09/2023
B-LOB,19/09/2023
IOS-A,19/09/2023
IOS-D,19/09/2023
B-OA,19/09/2023
"WTL-OA, F-OA, F-SE",19/09/2023
KOP-NIH,19/09/2023
"B-OA, B-WR",19/09/2023
"B-OA, B-PC",19/09/2023
"F-OA, F-IS, F-M",19/09/2023
"F-OA, F-IS, F-M",19/09/2023
"PE-OA, B-OA, B-PT",19/09/2023
"B-OA, B-I, B-T, B-M",19/09/2023
U-SA,19/09/2023
PE-SA,19/09/2023
PE-SA,19/09/2023
"F-OA, F-SE",19/09/2023
"WTL-OA, B-OA, B-PC, B-NE",19/09/2023
"B-OD, B-FR, B-LOO",19/09/2023
"B-OD, B-IRB",19/09/2023
"B-OD, B-T, B-CX",19/09/2023
"B-IRB, B-ID",19/09/2023
B-OD,19/09/2023
P-OD,19/09/2023
"F-OD, F-PW, PE-OD",19/09/2023
"F-OD, F-P",19/09/2023
PE-OD,19/09/2023
"B-OD, B-IRD, P-OD, B-SD",19/09/2023
"F-OD, F-DID, PE-OD",19/09/2023
"B-OD, B-IRB, B-F",19/09/2023
"F-OS, F-CS",19/09/2023
"B-D, B-OS",19/09/2023
"F-OS, F-CSSOS-HELP",19/09/2023
"B-OS, B-NE",19/09/2023
B-T,19/09/2023
"F-OS, F-E",19/09/2023
"IOS-RPG, IOS-A",19/09/2023
IOS-A,19/09/2023
IOS-RPG,19/09/2023
IOS-RB,19/09/2023
"IOS-LS, CI-A",19/09/2023
"IOS-RPG, IOS-LS",19/09/2023
"CI-SR, CI-A",19/09/2023
"CI-FC, CI-MR",19/09/2023
"CI-MC, CI-LA",19/09/2023
IOS-RA,19/09/2023
